X,Y
38.08908566310215,80.1463407243504
81.65994394715771,165.84313463253454
46.26797856696064,97.4200919160227
35.60967258978462,73.8708702542389
95.0061967050805,184.6762914304882
96.94704332753689,199.05309767140477
46.25347161331479,86.8197005596622
86.60638895004084,176.56674099788825
6.570863942835237,8.871596228653381
51.87906217433661,106.18971038753938
83.88980864459342,156.0942153552084
77.12703466859458,150.92464704477223
53.261726645502314,106.75150579059297
21.494037859075675,35.66554413072552
11.775108289014113,26.388023846584385
8.550853085446807,15.37522492002142
89.00053418175663,181.08786320610665
10.410858198457385,18.39042844853704
31.172206779554823,69.43341994578863
25.024289816459532,51.43453353651103
77.23183917356393,156.86339326711268
64.51727904094498,128.70595336831968
1.8221825651549728,-4.969195324104914
27.340707193070624,54.64493839956444
54.87337893665861,110.58028910510743
72.24521152615053,145.28206618615164
63.64104112637804,125.1586071610748
68.84023964277361,146.36425015553849
18.143543508979732,32.67227957503895
90.00186418481051,183.23595956274562
63.50936508676438,128.2292720344849
97.17820827209607,195.13277651578537
20.93493233367103,44.016475677451204
98.62107444796028,196.00568303911055
10.077800137742665,16.190030877660103
88.70864242651173,171.08167355908057
27.997909366028416,57.574504851348756
63.34008543167258,131.46645687000313
2.6532203873819715,5.209658349200279
32.53303307632643,64.21011077575083
41.96000624277899,81.42493664277475
52.27328293819941,102.47612068025413
2.535074341545751,7.980666857639422
3.1183135061284672,8.281437410356858
8.5347464993768,20.47037996720757
64.99639307777652,134.6837022325905
42.52135044692334,86.68197552156073
27.85903390319586,53.76642217380891
8.134878064189976,24.850352639473506
36.23938991166331,69.47161562294588
51.39894891598108,98.11744572772473
22.197216193294945,48.95394663110607
99.00538501042632,196.17523296937688
49.21162930795382,92.50761234081112
36.63618432936917,71.42326750391817
60.75448519014384,120.76148380364224
27.687764814720374,51.48907347539814
2.0584494295802447,5.835371735690833
56.830860333547164,117.36025539874541
80.28534485980114,159.83910395518294
76.99935530986109,147.77238302508317
59.78999788110851,119.4412562126699
22.864280550346272,45.44656598845618
16.080805141749867,32.26915363947786
12.06358711006008,27.095555708157388
50.7610378684455,100.98600707019932
60.577481935688716,121.87905010619227
15.52402459307125,30.299472126124304
77.22447692966574,151.95639175363243
67.17006844058567,136.28614345647614
75.55511385430486,149.6730593454615
18.81211597237613,36.358598145973055
13.882717264941014,27.073650290188336
30.13778741641421,62.60396564670288
82.26005606596583,164.82739969617268
59.08332605690107,119.552667640725
58.68411180208791,120.8101175576148
44.01524937396013,92.29242024818167
15.190269351229436,26.841327846351266
32.2956472941246,65.54645122435525
86.55071258939803,175.7941505838759
14.092422497476264,29.3415195705838
50.15162946871996,97.61676546568772
80.21969807540397,170.26059671045152
15.643704267108605,34.95271923302714
52.03077009037933,99.22276120939422
95.02373538208025,188.33026186609146
34.88682665429953,75.94209311887057
33.49056146570861,66.39071258622255
61.17207462343522,118.13048699417583
62.8942846779884,120.23027948892242
55.840424973580504,106.2016380288447
96.99143978146031,193.283040536139
64.96328990472146,127.64186385031174
40.08514167636399,82.23404022354437
7.276300636419353,11.85863877586323
3.353243473577938,4.297638705708755
88.72127425763266,180.07672560595663
35.67533266935893,72.88030432345407
34.634599436596126,69.75988013717144
83.06194077877291,174.3698958640914
85.64898411883223,172.9856512546056
1.8390676547466733,5.006056631769405
93.6154774160781,182.32789218014682
44.741236682345466,93.19383387701588
11.976213181925122,19.773189587766108
87.66536026583451,175.92539036047745
73.80336164263704,154.44917677560179
4.077514155476392,7.972684245530792
94.84533069621567,186.97968151033194
5.6375496650927115,15.618681593511734
39.81686935909433,76.43697069158765
49.549131620619846,95.72527685997493
59.127543574492925,120.73170419300664
72.96061783380641,147.06469723051245
61.82180633162611,120.76998360097542
25.79416277151556,51.229382765882214
49.636624720123635,105.72236247220185
76.89874151805105,153.83889351547563
12.706051265188478,29.397169808165515
83.02198645669915,164.476940317223
54.95288823237355,110.06814322956264
41.18409141472685,83.10638804224185
61.500722669916975,129.73715610566543
2.431596643145384,2.927649950073482
62.03095513534647,124.74357516019488
32.875161028750824,61.85804629397543
94.72485773838586,188.930432677838
18.19281304952711,40.32854608177367
70.72386343133986,142.2500036516035
4.086861626647886,15.477762107483517
59.53850173200438,122.48809816449763
74.07686177542044,151.68836330078756
9.158207332663416,13.03632462044401
86.47223762550531,174.84326818253044
92.18742350231169,185.31170593476946
80.74401551640625,162.9627242683041
23.724908749680008,46.3254163278162
78.51759613930136,155.79850378472815
0.5522117123602399,-1.445125084505591
25.87799816000169,49.97398623440029
96.66548190436696,193.81108911560696
18.123306616566015,34.0418703678179
33.79951568515358,56.20486088778686
39.71835296184548,75.74706518569695
55.204718085198024,110.9149544885817
98.48411989623345,192.67968374452448
1.5456616528867428,10.00149598617633
33.34991716911442,64.11597762173069
71.45959227000624,131.33416302723774
32.74973521779147,62.14263176622691
23.763754399239968,48.50271165356473
5.1425813484250344,14.096660885661825
11.706701642760587,30.411710258268933
55.417800251579344,109.79741379282302
74.60448792654233,146.8822521972901
27.083225126207424,53.381050856074935
58.123822142261226,117.92577406015056
38.8677289689482,77.53760309928667
79.99160853731894,165.1711952608823
47.39616402628724,93.95503334396702
87.67656367617495,176.56029495162775
49.84421989290573,98.58118658625577
8.69202880874237,18.61368440872114
55.96403313082179,113.64129465047418
18.656702405130577,42.266537095995695
62.28904758190003,130.5811343263373
18.704374855752338,39.18716038438524
83.59801205122058,170.12658441130347
43.89714207056361,87.50787910347097
64.32882184423532,134.1604709417171
52.30978441701488,104.39649252339893
28.9751452913768,61.23221930754306
81.91023176741997,166.02640503900182
4.5446380341457875,8.644371822896774
54.56167893159349,109.62566367707315
16.94927466860925,31.965803488021002
9.717649377076853,23.623691964602322
57.62883601668132,111.19438475744906
39.785559904574164,81.09575334867944
46.36984049399822,97.59207178791317
17.33735952947548,35.91005110934682
2.3271935735825866,13.66413036854241
41.48195023376652,83.07662509700955
41.462412372702374,87.24501700826335
70.30189588951778,141.350228271661
64.24192782063156,132.34020431441655
38.610263780077425,77.28284375048072
65.14203883518643,133.23931959392286
62.42379959139921,120.36912944964237
87.38900775625153,176.24716476610843
45.221794088980715,89.43417416945628
28.377590579872447,55.76041665501071
77.98755458576238,159.01676779610196
22.42693094605598,42.125924900120765
90.53819764192636,183.27660367995094
1.4393488629755868,6.35896864870619
0.5061583846218687,0.12846007392508163
8.17590319488719,16.89794771410533
35.84657285442726,69.48425353173063
4.645041271999773,5.711653335121531
94.47657298824281,183.70580104708498
61.06200424416326,124.71713022370196
2.8782676313338973,4.546656516715281
91.48459010681,184.16419184708275
66.75577385210272,130.8352567495658
83.5302495589238,162.78016005254298
76.36057941597608,154.7767902305878
35.33522280260528,71.23731325977018
53.73956029379229,105.54814649885644
54.26960831582485,110.50902168768229
25.178229582536417,46.2503979674286
2.24693083201174,3.52883104554931
34.69532018962277,75.88935421312378
12.758030279556376,26.64638036106595
75.78461104643691,152.4389535855927
10.178247262040374,21.955246331091313
85.300945546736,166.51072083267837
34.1817351697876,69.16810896306656
25.464065476376383,44.82550569447239
97.58520794625346,196.8905824812712
35.88304841235025,71.4353740813297
26.22640442998251,57.94744304061685
18.485445552552704,35.84375266966338
29.314773026101328,63.49818013550464
73.1993941811405,147.91957976630485
61.81282404578958,123.88354575081965
50.31362585800877,101.91268057781863
42.1424550592498,79.56875095386039
84.96473906774115,165.6690234831808
39.85047343973734,86.23467300867907
36.09738969400268,69.22489704521317
69.57486889846172,139.45375936257307
94.9520623657642,179.53995556294876
94.88855372533332,190.56332655671295
17.052412368729154,32.34590050436161
50.26370931051921,101.31781703980802
38.929561404197656,82.50663601882808
90.04180571633304,183.44618562862098
11.607264050691624,25.19725565327367
59.86584841970366,122.17403982054262
60.642905965958995,121.27140177555572
4.521867010618941,9.371051455428141
92.24993811772957,181.2588664874016
51.630034830119534,107.38120347636644
7.697990982879299,19.830796288090227
14.299168205283586,23.62288346900203
7.4044651734090365,16.69459257236369
31.09823217156622,59.745309581194896
46.55980181324602,87.94087772360841
33.08980248526492,72.36962577585008
69.46964708544267,145.71949833260837
94.72833396118153,187.3404572129779
66.80851365706462,140.07853007200703
75.08710677914974,146.2198491296958
27.993389694594285,55.42842087656788
15.041689110352818,31.37016944548969
29.44657595419177,54.891826609961235
89.45522268940914,181.44933125306537
15.599452033620265,35.52202696945902
81.45747202313821,162.14030620915756
37.48705795237041,70.07835483769179
42.75410183585496,86.40335547826551
69.7015740995268,142.01243971270728
58.57755812734633,112.24468499414469
86.17856210135173,177.10666840896246
69.66508238768922,136.39179846818627
11.816482762165625,13.635342664836958
89.52068376871993,181.2662875750425
69.67371653641507,148.51120336319312
45.56567527857129,95.49659103951966
89.25589984899777,183.33783556402898
20.78862551460273,43.1921713905519
29.444889206958567,57.86027226422375
84.21189231357087,165.40080398917036
70.80725777960456,134.97067182514513
72.59556788702393,143.38191049705156
8.87025337570556,15.317647059397768
62.329812682755794,118.59664890552266
34.56959935039195,72.67538028622809
12.887972191064922,22.04287254583706
56.51331835892089,117.68559413567047
17.711067940704893,37.118799667017456
3.050024993904943,5.91236767229315
69.18951976926932,130.21210006484148
96.50269106665125,197.83884705567507
57.5474177875879,117.89952654441939
8.350071669866876,25.542235346099158
39.30977246667604,81.16023214007996
60.051686043365336,119.20950815724326
13.688563006880727,25.233272233305264
93.21182824836124,179.96312923310046
53.60963663441204,106.60939392330191
96.21725484745419,189.83739951464435
45.825289049151664,91.05035575017322
22.359583851945263,45.654311351053515
27.230732651936897,54.09933217465715
35.09150125520787,64.57258142321696
86.61761457749351,175.07194947190078
24.20552715115004,46.40283740488964
60.617463445088006,123.35369790760294
8.483771408519193,12.217149140920334
45.454106476777326,93.06323692334013
9.120610304869036,18.730410621867208
72.00365365460743,149.97806158505296
59.74131021703083,126.83535514124215
4.600264202175275,9.802204024924855
14.707348092903793,27.229718392797654
17.16792858483035,32.19454442584501
43.747492202372904,91.2322640497029
89.67884099060119,185.24236329117682
81.29010091300776,162.48009399103495
98.0032575285477,198.32368105549978
80.98744458546349,154.9316539230039
37.62595855309158,79.1074335733628
90.6354385094736,191.5897143695645
89.20465551771133,182.6075218967
65.8693631618945,138.1935714000236
20.162732004774455,40.6790915547163
65.19612595026005,129.40354237043772
11.586905952512971,25.705539176047985
5.147875124998935,16.55784636693523
54.06351216101065,106.84048411715177
3.66832028905979,6.045921222751037
72.22525683930662,141.23779787589186
91.09271844938425,174.8406154063553
17.320186991001517,37.195294870119774
90.11580104909889,174.57674411057786
59.56387406078443,129.36054526424186
33.7615171403628,73.8328473997795
13.441467693897424,25.28439064533644
7.845638134226595,15.542387322413823
6.6496267366777495,10.02645793966627
25.243694434402077,49.484056802983964
37.454011884736246,75.61882777320551
40.89529444142699,82.10512964411835
32.235384497472296,58.79730606321247
67.15731955927996,133.73828889567343
64.39995432390158,129.5774458541125
99.66368370739053,204.8881976108503
55.38542844013208,112.44693291772835
32.00496010306117,60.051407659841
51.2093058299281,97.41245396309442
42.71077886262563,85.60730391787585
34.08035402530179,65.14484969513687
79.15790437258485,158.81670675576134
55.190683877448556,109.52759627117628
58.304156096969216,117.90574932082484
11.959424593830171,23.211060277684144
57.651647551425356,113.56134962057133
11.347352124058908,28.01131436864754
51.13423988609378,100.06725915680587
20.498429541582098,39.70757720631884
98.68869366005173,195.25339950009618
3.7348188749214417,9.377801058735368
22.210781047073024,45.298163404801805
5.16817211686077,8.941735696090104
5.755876001664428,11.707192284631674
55.43540525114007,113.32190612253042
28.484049437746762,61.748285391192894
49.442030470258146,101.05725305666185
45.913575623826134,91.76591185096028
32.320293202075526,65.75667250723241
77.71469159274368,153.19941604545602
9.02897700544083,25.444501995072322
59.24145688620425,123.50593827470257
39.72872905603673,76.14993669591401
63.31014572732679,124.00979553744402
75.06147516408583,152.5019676948328
20.990559309558577,39.40691928984731
59.08929431882418,119.15194643493913
98.99602323899452,201.72240980548142
96.24472949421113,196.78398598786134
22.649577519793795,51.074213455880624
5.8083612168199465,14.95241105183551
89.95745732745685,184.26990913373044
96.9302535619099,191.04045970078616
81.54614284548342,167.84835181539705
59.02949425148078,120.40576370886265
92.08418826173724,187.78411588781927
64.54722959071678,127.81306994865628
3.6886947354532795,1.2846418517714602
50.5888678884466,102.35196750555971
19.52429877980445,45.9924527722699
65.76128923003434,137.12000020641267
79.98552559473153,164.40985055728794
69.81617140197451,140.16650642307815
11.98653673336828,24.970608201579584
79.94158789689793,160.05758557928567
79.72953657795536,158.5531575883046
65.99840460341791,137.75727806863372
49.51769101112702,104.67277178299636
28.863055324025577,57.242318053620025
22.879816549162246,48.12225242109373
12.804583895777244,23.836038786788446
8.84925020519195,23.90050238164021
89.55232284962005,182.86773045119298
37.427079575612034,77.38926667495247
53.34610919763215,104.56141503661667
13.68186309189614,27.215578995598634
45.606998421703594,89.47601193367792
86.85991281894603,170.6399327136575
12.915941515149498,25.08399781835721
99.97176732861305,203.21459985402726
80.62012797930613,166.04191159038996
11.483682473920354,19.827771695511746
26.867735938494608,56.42576668180014
47.41738290873252,95.63916200432492
77.51328233611146,151.35195688628613
82.2537242923169,166.539413892284
37.64633668780496,78.968979307561
86.84679758979128,175.0961155766768
54.27244433475962,105.55604195292794
87.73730719279554,174.7841051858278
39.90027038701302,88.03052265287285
76.02278598896865,149.83813939436752
17.088758739006582,33.34142444886906
14.085702037979985,31.703843184548607
98.72761293149445,198.52479511927652
75.33781852589416,150.08762904527438
43.194501864211574,86.50227723294499
92.95291442478259,193.93020040220168
62.75580800840635,121.82892164449522
90.41586944937484,175.364224105088
10.112267612279025,23.804232732335816
90.53506419560637,175.30992486083557
6.355835028602364,19.895180749586814
27.134903177389592,56.9690843234456
26.924323094938096,59.96251989552632
86.70723185801037,175.3905844611517
3.5942273796742086,2.7097751808438417
38.816992620652194,76.44373122786442
7.056874740042984,13.137122938923373
1.1353644767419069,8.981532209789577
70.19668772577033,142.56777606991838
83.24426408004217,167.57484350886583
92.46936182785628,185.72480833451843
19.579113478929642,45.53624721075917
67.18927435987284,133.90627461178136
92.08724005318132,184.91320132982227
36.77158030594335,70.95541350106441
39.65427823212701,81.47440737707318
66.36711653626482,121.92130390053268
74.54394741843299,146.75558508259024
35.81627180328405,63.73067734115262
49.26180939928696,99.00194027223053
53.211348526531566,115.08270643266746
69.09377381024659,139.558449006004
15.285913918433202,27.96640026169909
52.451138957025464,115.30901037077251
24.014561877819308,47.39500546353074
40.87341710980964,80.33416904837652
77.64129607419969,155.03221963680127
53.57746840747585,106.75823335983416
96.36199770892529,195.17806730877223
10.717201133977605,18.86032934643464
17.85446620543336,35.6174601616712
28.50951686938471,57.10412004571367
31.89756302937613,67.83439441612279
95.06071469375561,187.71595881170637
70.68573438476172,147.05348576148285
80.8120379564417,166.30125827466608
19.228901880867078,36.0353416027867
60.31521094663882,119.9551350005176
99.05051420006733,201.1367427592817
90.7566473926093,184.24086074372383
63.34037565104234,132.20938726623478
32.8664545369916,67.94286889165178
46.86931597949703,90.14476003182992
46.86606419941263,91.51777543199327
9.128667678613356,14.38395753777217
76.07850486168974,146.63973281132135
13.935607407282413,32.29953749171272
47.22149251619493,102.48380318745525
85.54605840110072,180.70577914315456
24.640203323910683,49.77322587495931
48.743119824951364,99.44298817049338
52.56901823026858,108.52772316913885
46.077876803272574,93.35292392817111
34.56672833238632,62.67921107326568
79.94103989090426,157.1712183028001
77.0967179954561,154.06092809941703
96.99098521619943,194.8127211810513
85.84127518430118,164.91072311182083
55.543170560262745,113.31758234593293
90.9320402078782,180.41272617399778
3.4388521115218396,16.07329671752068
24.773098950115745,57.202323315698635
18.651851039985424,34.53606980044587
7.773463696498483,17.120198750574453
71.59722288473975,143.86828967455796
17.231987120162984,38.62359298991027
62.00727559285135,126.06895161198156
3.142918568673425,16.393566840841338
44.1530501373377,85.49813352344837
93.67299887367345,189.62506686827572
81.27995672575025,161.8187628159897
29.321077169806454,58.563603143906185
37.330931627975296,76.9803959488049
1.9710537754364155,-4.545312045161547
81.707207094928,162.8605902539209
38.67353463005374,79.1740821367226
93.07573256035647,185.02876481324586
26.806364082287626,51.71311353808515
61.14542354346478,116.86451986843593
8.279866792512646,16.141936710875406
92.93759891275857,183.55310402629826
87.74720135270529,168.912807717583
51.89177052828376,99.5688113799821
93.98321236134751,180.89266726044363
69.6029796674973,133.34845981415532
45.05441353100935,87.67077825338157
4.072880231897013,9.605604473658929
18.34045098534338,40.89351338401838
95.48652806631941,195.4057873995889
89.38925830509577,174.09884926735037
9.367476782809248,18.973475045299192
13.752094414599325,29.29502306926791
7.513778173580876,8.619693099573078
29.214464853521815,58.81341281480756
2.6511310541621813,10.060144064022925
24.595772838450813,47.0770789499026
45.32888347480276,96.30664917126724
49.16158751168324,102.74527875519841
76.15106317174723,149.5305055523108
85.21815003185401,175.31134747049728
17.63869865062233,34.966048513193456
89.85541885270793,179.51999228084793
71.33495858845524,147.98269374430672
56.127719756949624,109.33171935413156
75.5137255673619,149.4747438605589
7.455064367977082,12.3591687989489
37.0472102791382,78.83723717692838
57.8280140996174,114.20626443362227
14.866272775311295,37.225736655492774
8.410680611499743,15.641562509831374
48.9452760277563,89.09532822903228
72.90071680409874,143.51844843319955
16.426579793099293,28.286403129664567
98.6001063822871,197.37545865249064
52.965057835600646,105.76948386862392
81.01133946791808,163.6058930695858
28.07723624408558,53.548800473713364
28.096318959223034,52.57700735258691
18.657005888603585,37.90086652294046
82.97418037072016,168.40983067749255
93.27284833540132,186.52141302464307
91.98556164127605,180.15780884951724
64.08747448032146,135.0217828812123
81.80147659224932,158.16352862057894
80.36720768991145,160.0659430585555
89.11431136980711,179.72484901900452
24.240973241508023,48.540699261932836
19.59828624191452,35.20315632087387
44.07627469382282,89.96203657264456
62.4148907849134,128.31497075965578
6.9361300875165455,10.48441478175978
35.94911512197552,77.80439164285461
31.171107608941096,68.66050380080505
62.58599157142364,126.4870327840612
34.92095746126609,62.28375199875006
44.600577295795574,86.43147067209573
49.83677727394797,98.95163489353344
39.244510742263536,84.5428204574956
51.832965236373674,103.51189659474451
37.06421470668909,75.78362580318418
98.23786169086064,189.432672345098
72.60913337226616,146.74600855345852
47.34717707805657,99.44247537835466
71.90459051842456,147.70997155597883
27.864646423661142,55.46629180303033
22.793516254194166,46.35142878046795
58.339179476612046,116.94632182212358
96.95846277645586,188.53912350877462
16.29344270814297,34.401022622341856
54.16342146608669,115.92637067175424
49.72485058923854,99.98157987506458
1.2154474689816341,3.7544158668210965
75.45428740846823,146.49421754807338
36.891363956977244,70.75554755967664
54.92266647061205,113.83737338066271
29.122914019804192,58.364852597591366
11.323804584075525,22.992184700336548
15.33514031160802,33.847339341703346
45.08393714041321,86.85751339823155
1.083765148029836,1.2689976960715736
24.734810174319765,48.24872153122086
18.45210193563773,32.716559940547704
68.42330265121569,137.17574125953308
17.436642900499145,39.342469127350796
92.83185625877253,187.4090071962412
73.75012481097484,148.7925667144138
16.06813732595557,34.48173072693151
13.927207266338726,25.990268525204485
56.48411332626164,121.21832632949587
98.56504541106007,198.89014862233347
54.26446347075766,113.1722340910294
17.70104842767468,44.03132970841138
34.82554670233004,68.75203179708934
50.27203900924791,96.7063210716019
52.475643163223786,107.67728911593807
86.07305832563435,175.13113091537758
66.01973767177313,140.39297416266916
55.68012624583501,117.65619954483016
36.30822963986351,79.04584158380699
28.869373677069987,54.02933481737768
9.310276780589922,19.132971220823002
87.14605901877177,176.8869575879021
6.107795985486375,6.827086812853963
20.63337184057925,46.473708838753694
34.10663510502585,70.78416124952187
53.1354631568148,104.87389549635589
78.85972112245308,146.23039339177956
47.15761885501584,92.05824731540213
74.11206492900591,148.21063202836802
55.67628930139298,113.70689222046839
59.68428489168892,124.62822759771403
81.0553330781833,160.949567979612
72.81887562036033,144.65350128820086
66.2522284353982,138.3179947792672
37.96924081672669,74.90286173863707
76.16196153287176,155.15734885494092
74.99604703991778,146.60666745987209
1.6587828927856152,4.725787371628417
30.42422429595377,60.69022797648092
41.82430362906189,93.62060532785493
54.67102793432797,107.6613086002725
93.6829739324758,190.07744914307523
27.4055220687206,56.86346733014553
2.6366974497252005,4.87783628668583
17.53712786234496,34.99657730113899
62.93986381352625,128.1130352771394
9.3981939840869,11.8375328530614
12.429722348554472,28.955694800354795
65.89239419101514,137.05517852446212
24.398964337908357,50.37187021750371
19.967378215835975,40.8232915182068
41.87705248920731,86.95387258618281
82.18600592903562,165.48798850696645
66.50366745462554,131.6100677247783
94.14648087765252,187.60067445816958
63.11386259972629,124.0867843532103
9.767211400638388,23.092945983770523
35.567271646494916,72.08801922392897
7.118864846022898,20.805790332591272
96.32225394406113,186.42092530330774
29.7121715623175,61.42871980439438
6.7076477388427485,15.354226746863397
6.337497047276774,13.573732997561093
66.35373720167107,126.95436249007267
33.90297910487007,66.02122447688102
20.513964048200716,39.68882676797527
40.0763060875326,75.90303806247768
81.37950197069486,166.58581320856806
47.60504021990997,99.2142648100885
22.460482293998197,43.753719512334214
25.824438829895836,52.382317338908294
56.64046402968972,114.03925452577441
63.35297107608947,129.30674686401358
25.94234334312925,53.017838172443064
14.48948720912231,23.18691881657964
15.253904291426135,35.102357980567135
59.023066686908706,118.82456319476638
79.4025189270296,152.42622558499204
16.122128725400444,34.273353575230075
97.30105547524455,198.18288383060005
76.94929331919369,149.11505439024663
50.85706911647028,105.89078174121684
78.96181427945538,156.20600639440974
75.237452943768,155.9314676074314
11.689804070836407,23.94315312931763
7.586332810866391,15.063447463693056
69.39484444671,138.70421971602624
8.023374566164222,17.009761850282718
53.93422419156507,104.6007056991812
89.48273504276489,175.89427982511327
23.95618906669724,55.437006411156844
82.64574661077417,159.00949080705564
1.0995828658480478,6.543094196396225
66.35017691080559,136.20980298391385
64.59172413316013,131.14734807287326
96.10703174694551,189.54148715173505
24.848913981446575,56.34286482108463
60.11150117432088,119.94233950280717
92.55685129067763,183.64559122502197
30.46137691733707,61.99095489815117
42.42220092469763,84.49127365599024
53.71065418185478,110.68425721386674
31.692200515627768,65.9731847900665
63.742990149820656,135.79297223388468
38.38912213732114,84.31658949838071
78.3653012741143,149.52268079790852
48.45229851910213,99.78041028086453
66.51972206962002,130.17215485682883
85.56964681062857,169.67199597399838
14.008401523652402,32.33152638102999
3.9312139841098936,9.702316539976254
21.582102749684317,41.451744855504984
63.183721216979926,119.99546749983317
90.82658859666537,179.43237908655794
46.20058036441327,86.15097730128036
2.007119777772637,6.1674238717438055
24.317219099945408,50.82137247269633
52.01635011119934,110.15570355177346
65.27461078518748,126.5520126411953
95.04114840765587,187.14017704495268
50.26790232288615,102.04465214603039
60.956433397989684,119.67717940689302
93.83404568210378,190.7815356688741
83.4930236799299,166.50452270404543
37.69444294249076,82.80525615031827
57.077830466891186,117.09517207798164
37.46126146264712,74.66596953892227
58.336876509715964,112.61472609666046
73.78969166957685,143.41975963065158
81.72222002012158,160.73887083200609
11.005192452767677,27.12419235596455
89.80542894407138,183.7307011584674
50.34172708548569,100.81147076723444
30.087830981676966,57.375178703597236
16.628336875607943,37.05790411911019
89.71102599525771,169.7265346839996
69.03948286293652,135.0652942444883
79.57926694361011,157.6760765588758
36.019064141126286,66.9061593854983
10.31238688359326,21.344350371800434
31.800347497186387,63.71567428611204
87.7339353380981,178.30388570655026
16.162871409461378,28.457838246405903
70.62422271564962,137.9070572182602
42.81841483173143,85.78884357613566
44.84455219783198,91.45100334750556
98.44021807035521,188.1897579566543
56.98896848713165,115.85303399856339
81.7443561738441,161.6302431584946
41.89254495045479,96.55752017228903
23.81827810467265,45.617456524432434
51.07473025775657,110.80247940873498
24.247050363472965,49.56846984239896
50.525237244785714,104.72374091358068
18.159771680142565,39.26691894865486
11.063173695520723,21.725731085121634
87.72005408131082,174.9531181290885
40.941165219124045,76.49841171726109
84.9223410494178,172.13501322426023
32.20791655831783,68.70586246587486
43.61265291353167,94.98102182329647
62.770805307141785,126.83428147102269
93.43670147690149,187.57916917491187
14.011317576645254,28.7409622810489
61.825477153029595,127.63514504928246
2.538635566034486,6.431206505915737
15.167487973275119,30.224916326347692
28.203457257130648,61.94400578830337
73.25720972102503,143.89811670954037
72.571950838836,136.53233930586208
70.24840839871092,134.19124816948485
33.519724164590095,64.12743656426365
98.66395785011754,198.5671985411432
58.365611185087204,126.00854053010119
92.96976523425731,190.20622922687124
42.54364386164168,82.64815610600583
57.69038846263591,123.68182041577288
94.61154621336327,199.58134699480098
36.42698610480755,79.1000169965225
89.67654246264252,186.16194470382598
68.30067734163569,131.3089955096414
77.09122037458219,157.15095071345195
17.803596686975144,39.2841091122511
49.25176938188639,95.74678749141451
90.84505613336283,180.56480203825282
11.203890216805235,25.421146918028597
17.329432007084577,26.666061276040722
78.91712386073382,156.94923322712455
31.93136375904149,64.28422954266682
1.3001923510736035,6.593628294739048
68.15027222239293,141.35088085849458
94.02302414249576,190.43564856439096
57.0061170089365,114.9100412921129
23.22126951468173,44.95371192507925
74.74709381337566,155.49952223457325
51.167744211566614,104.15903951145965
37.5582952639944,79.71165332947722
84.48753109694546,166.22246081318002
73.50710438038858,151.1044904888157
26.520236768172545,55.83336679079945
91.44119459249598,181.66967005365484
86.98963620621282,164.5275426702583
4.315991195057611,0.657039819829401
4.530400977204452,6.043698554331472
16.26169393448913,27.198456054747147
37.728416310462265,77.48817564608302
43.48273386037462,86.2619244710199
63.347821982614725,126.16510897969916
89.26717110769748,183.2850597692412
74.82596903836584,147.0243609608461
19.068772066366655,36.522950279765325
60.67150463828559,121.58972867596307
89.0527280739895,170.24002979047498
8.534966807864386,15.280646033093767
13.401522845064074,24.34943503596439
4.696596677505505,5.121981668694237
92.65876251614944,186.88474105390907
87.21239089441515,174.28221585964036
32.518332202674706,63.48585816560548
91.48643902204485,182.87545967504576
15.436271527420232,27.322574343632063
72.82163486118596,143.386955199425
83.83287047111378,169.81178031650919
80.83973481164611,155.73722813114432
95.40510272587224,191.0368051513329
67.75643618422824,134.54792813703116
43.16595462296794,85.66342239079023
72.22669318556592,143.49765797445306
47.206694510999924,96.10778528437369
99.68742518459473,204.4989158161299
20.64212717606032,37.542499543942256
52.30654247691193,97.14693848553162
49.379559636439076,105.9373507269493
1.4544665667881929,7.671518232721751
94.04585843529144,190.18305882272486
74.76093801762511,148.6159396398509
86.23637087467452,170.16670014644217
32.367923640424365,69.52237322743133
11.752624677710488,21.988738391471028
56.093797153538624,118.15049885447705
9.944139275934516,23.250758657887243
10.147154286603211,26.307901780275024
37.201808579278314,74.82042157436413
1.8110183820840509,5.487756693902207
42.89940273750184,85.40544696782467
76.24586857406905,148.49819539138494
50.21950103312426,100.71042410835814
74.64914051180241,151.86165246867287
15.601864044243651,33.44288988021146
34.20817487159075,71.48067085672027
21.144800699654464,40.82979048113739
25.788768543320227,47.67941986795789
62.79003894909078,133.63362688828806
43.91349085702184,83.73023441672686
11.355759219962902,18.954176864650787
84.1828776758272,166.5528431543453
66.8643219924431,130.32656216804898
2.541912674409519,5.018133764528029
42.4130671302386,86.5414002617995
79.52673118598902,162.87468320626007
62.20867002278735,127.4539606867853
38.92016787341631,73.91038617267938
30.952761628632775,64.73795796401991
52.00680211778108,101.92216412694908
6.505159298527952,18.798230134470835
64.11476328852973,127.14503217288919
63.22642879195304,131.0466404206931
64.20316461542878,131.54952986546087
94.29097039125192,188.20075865295604
51.42344384136116,100.93189319606842
23.10747965880714,51.48341958697374
79.48113035416485,164.231836970867
89.02637838909163,182.997129479025
12.748866233198243,21.98580211937024
81.44684825889358,166.82075846575353
28.65412521282844,55.437445620409314
67.25184560770384,135.39934775166634
41.03968269896615,84.34140398045848
41.26176769114265,83.6483010781628
18.188008439914483,30.88841230810354
97.43948076661665,195.64715799919344
36.3629602379294,70.94018601765669
82.87375091519293,161.25661374413667
96.98788267076391,197.30988118796353
67.91023191444896,131.40763036601118
0.6952130531190703,3.9723628308024423
59.507793070025485,118.4657920815402
59.41307153521351,116.15378125585482
58.05883502780434,114.4122396707865
24.534910968132095,49.35003058871692
28.093450968738075,56.85271077032837
12.466268120326685,26.67877545728404
18.182496720710063,32.040767279787076
67.21355474058785,130.34217821265284
12.203823484477883,22.33849316855428
27.738118298113267,51.10698553753622
28.185477477339994,55.0716294206455
55.52008115994623,118.24392405153573
74.3946292572677,146.96087348819032
32.539969815926774,72.27068573925163
58.62298320167972,112.22880871068244
93.9498941564189,183.88322524582955
2.709599250348349,1.3930282395781335
70.36578593800236,140.5010966878704
90.6472110964547,179.33902450576429
73.08674752036443,148.5436028375336
57.44731131799119,114.21388414588267
52.224326005480435,102.47362567831561
5.182353682242691,8.873374756118313
38.50977286019253,70.3452094248747
13.97723766262895,30.740025115084762
64.92103021160635,129.02773898280324
49.262510429085914,105.0814880799481
91.73135754622427,181.0156387288274
51.88380571260721,99.72868860637467
52.439026932758004,104.55948830053315
29.359184426449335,64.23873426948848
8.413996499504883,18.529823246149626
63.23058305935795,129.95099543183647
40.3482866212397,79.34822935800725
16.36559428657045,38.641308897361945
90.25529066795667,186.07859048129174
33.660427819392055,74.22871104371774
7.379656473539886,21.449602494430586
0.4632023004602859,6.425910277513311
84.64522917345182,168.47576334619578
24.929222914887493,57.24527513271912
58.991768685463306,112.043945497127
80.6834739267264,164.78061008857404
95.07143064099162,184.80148384714283
91.4298806560499,183.62176003121607
10.65982531337718,21.62138518236073
21.296416150891073,42.6050163823958
86.31034258755935,173.4323772585239
0.9197051616629648,-2.7940484334442415
96.56320330745594,197.25378477278642
14.991742734877377,31.452947497019466
94.9799913291924,185.54651623368932
88.77041827582998,174.88923288145617
11.119748230615134,19.024798189351344
96.11905638239142,187.85301241720202
71.3244787222995,139.4557684664452
9.783416065100148,23.769449714230745
89.63358185211197,185.35242791191376
35.058755880659696,73.91572830308469
61.585009805221645,118.58463803836854
22.92513952326415,49.504617551461294
95.39285770025873,188.49091538476316
21.233911067827616,37.36082783237399
69.59742060936979,138.87197489830524
16.893506307216455,36.49871609978999
17.743954377972283,37.743545236154006
91.32405525564712,183.6908055745899
32.07800649717358,58.05391231064821
1.3094456588333636,3.071972959817785
27.21451372299627,51.93842999905473
59.359245355404866,126.94331923057102
5.476163882203133,11.035502595107898
58.43143119231002,117.54030568076436
33.424389081696084,73.40863628087774
68.47311725538793,133.80227666874407
45.24395161326934,84.23513999175205
37.01587002554444,82.60082148553633
39.22440450997323,68.23312448033865
15.615259736619036,30.048913832681954
13.637147558676975,29.02204779633935
57.161268946989985,121.0021559113856
24.18522909004517,42.64735777161815
25.179905890695274,40.66285074029878
48.114010185481746,94.47818716966985
99.29647961193004,193.75439514909525
25.790282704493983,46.6833724638305
61.34151959357899,124.23735360528183
4.522728891053807,12.982747376013949
52.77011090862999,110.45089778715314
70.40797680992236,141.45824954404418
3.654966784809488,3.489443252221564
54.35528611139886,114.88354633588648
85.11366715168569,171.8242267937925
13.949386065204184,25.834593217538874
96.26484146779251,192.7374664788142
11.881791626807193,30.277169746128536
36.77831327192532,68.43540894916707
79.82951789667752,159.55681950938924
38.31385282494975,70.16246321615314
89.72157579533267,176.7189449607658
80.34809303848486,170.45519570232682
73.64442356247228,150.06126955399714
57.34378881232861,115.96670536122737
62.013259780153675,126.46307204393605
43.385164923797305,82.19831019667268
82.12573046720128,169.1591938299398
79.51861947687037,158.00107037045794
98.65152487929797,201.99694518853724
41.7411003148779,82.25108768994379
23.72267917359945,42.25803055537551
27.074467314355378,55.452119895039424
10.789142699330444,26.331858492453225
9.44429607559284,16.33274516042767
63.75574713552131,128.84932143099073
5.630327568183735,13.536587453108572
35.597267865126156,70.43180612719893
71.2179221347536,138.42936422992753
28.571208628186074,57.27875112940905
89.60912999234932,177.64490473538922
87.35786241067773,173.25443861610702
61.18528947223795,126.12371416837989
53.258943255158584,109.40741194162825
19.87156815341724,37.52122783019346
41.038292303562976,84.4122973484298
80.93611554785136,159.3699802896646
77.55276166950105,155.20240116569315
70.096913145912,145.18479458251892
31.435598107632668,60.91343844519245
